id;description;sort_order;date_added;date_modified;status
1;mobile Fish;77969;2019-05-04T20:08:27;2019-05-04T20:11:03;AVAILABLE
2;Practical Fresh Pants;60111;2019-05-05T07:04:47;2019-05-04T17:30:53;AVAILABLE
3;Implementation Electronics Officer;61748;2019-05-05T03:12:24;2019-05-04T19:49:44;AVAILABLE
4;Investment Account Steel;29214;2019-05-04T11:08:19;2019-05-05T01:42:57;AVAILABLE
5;Savings Account syndicate Planner;46676;2019-05-05T09:23:37;2019-05-04T13:52:12;AVAILABLE
6;Factors;96563;2019-05-04T20:59:23;2019-05-04T15:06:25;AVAILABLE
7;Monitored Bahamian Dollar Investment Account;83319;2019-05-05T09:40:59;2019-05-05T06:20:52;AVAILABLE
8;Costa Rica Mayotte;18485;2019-05-05T09:45:25;2019-05-04T11:14:19;AVAILABLE
9;capacitor archive;57044;2019-05-05T05:48:17;2019-05-04T22:00:31;AVAILABLE
10;scale interactive generating;35675;2019-05-04T11:20:33;2019-05-05T03:45:58;AVAILABLE
