id;title;keywords;description;rating;date_added;date_modified
1;Car Industrial deliverables;orange Books;magenta monitor 1080p;60595;2019-05-05T08:43:53;2019-05-04T12:16:39
2;deposit Internal;Investment Account archive Fantastic Plastic Chicken;payment;59129;2019-05-04T19:12:26;2019-05-05T03:54:55
3;Mississippi embrace Developer;synthesize Idaho compress;Sleek Metal Table Small;43933;2019-05-05T07:55:09;2019-05-05T05:40:02
4;Dynamic;knowledge base Buckinghamshire;Concrete Investment Account Saint Lucia;20306;2019-05-05T05:01:02;2019-05-04T11:52:49
5;Money Market Account;Salad Web virtual;Refined Squares;21844;2019-05-05T06:01:51;2019-05-05T00:30:44
6;EXE projection Fresh;support Gorgeous;withdrawal;52;2019-05-04T14:52:35;2019-05-05T02:02:49
7;ability Hat Iraq;magenta Concrete;User-centric Gloves;21876;2019-05-04T22:03:27;2019-05-04T21:06:51
8;facilitate Tasty Concrete Chips Exclusive;Buckinghamshire capability zero tolerance;mission-critical;97661;2019-05-04T22:26:39;2019-05-05T00:38:37
9;Home;Investor Public-key;Lebanon;44778;2019-05-04T10:51:11;2019-05-04T21:14:21
10;Credit Card Account;navigate;Re-contextualized;80313;2019-05-05T01:40:54;2019-05-04T23:13:17
